pxname,svname,qcur,qmax,scur,smax,slim,stot,bin,bout,dreq,dresp,ereq,econ,eresp,wretr,wredis,status,weight,act,bck,chkfail,chkdown,lastchg,downtime,qlimit,pid,iid,sid,throttle,lbtot,tracked,type,rate,rate_lim,rate_max,check_status,check_code,check_duration,hrsp_1xx,hrsp_2xx,hrsp_3xx,hrsp_4xx,hrsp_5xx,hrsp_other,hanafail,req_rate,req_rate_max,req_tot,cli_abrt,srv_abrt,comp_in,comp_out,comp_byp,comp_rsp,lastsess,last_chk,last_agt,qtime,ctime,rtime,ttime,
admin_stats,FRONTEND,,,2,4,10240,651,611499,127171731,0,0,20,,,,,OPEN,,,,,,,,,10,2,0,,,,0,0,0,4,,,,0,628,0,20,629,0,,1,3,1278,,,0,0,0,0,,,,,,,,
admin_stats,BACKEND,0,0,0,1,1024,629,611499,127171731,0,0,,629,0,0,0,UP,0,0,0,,0,6981,0,,10,2,0,,0,,1,0,,2,,,,0,0,0,0,629,0,,,,,0,0,0,0,0,0,0,,,0,0,0,255,
svc31002,FRONTEND,,,0,0,10240,0,0,0,0,0,0,,,,,OPEN,,,,,,,,,10,3,0,,,,0,0,0,0,,,,0,0,0,0,0,0,,0,0,0,,,0,0,0,0,,,,,,,,
ingresstest-ingresstest1--ingresstest1,server127.0.0.1,0,0,0,0,,0,0,0,,0,,0,0,0,0,no check,1,1,0,,,,,,10,4,1,,0,,2,0,,0,,,,0,0,0,0,0,0,0,,,,0,0,,,,,-1,,,0,0,0,0,
ingresstest-ingresstest1--ingresstest1,BACKEND,0,0,0,0,1024,0,0,0,0,0,,0,0,0,0,UP,1,1,0,,0,6981,0,,10,4,0,,0,,1,0,,0,,,,0,0,0,0,0,0,,,,,0,0,0,0,0,0,-1,,,0,0,0,0,
svc31101,FRONTEND,,,0,0,10240,0,0,0,0,0,0,,,,,OPEN,,,,,,,,,10,5,0,,,,0,0,0,0,,,,0,0,0,0,0,0,,0,0,0,,,0,0,0,0,,,,,,,,
ingresstest-ingresstest100--ingresstest100,server172.11.3.46,0,0,0,0,,0,0,0,,0,,0,0,0,0,no check,1,1,0,,,,,,10,6,1,,0,,2,0,,0,,,,0,0,0,0,0,0,0,,,,0,0,,,,,-1,,,0,0,0,0,
ingresstest-ingresstest100--ingresstest100,server172.11.43.31,0,0,0,0,,0,0,0,,0,,0,0,0,0,no check,1,1,0,,,,,,10,6,2,,0,,2,0,,0,,,,0,0,0,0,0,0,0,,,,0,0,,,,,-1,,,0,0,0,0,
ingresstest-ingresstest100--ingresstest100,BACKEND,0,0,0,0,1024,0,0,0,0,0,,0,0,0,0,UP,2,2,0,,0,6981,0,,10,6,0,,0,,1,0,,0,,,,0,0,0,0,0,0,,,,,0,0,0,0,0,0,-1,,,0,0,0,0,
svc31003,FRONTEND,,,0,0,10240,0,0,0,0,0,0,,,,,OPEN,,,,,,,,,10,7,0,,,,0,0,0,0,,,,0,0,0,0,0,0,,0,0,0,,,0,0,0,0,,,,,,,,
ingresstest-ingresstest2--ingresstest2,server172.11.3.5,0,0,0,0,,0,0,0,,0,,0,0,0,0,no check,1,1,0,,,,,,10,8,1,,0,,2,0,,0,,,,0,0,0,0,0,0,0,,,,0,0,,,,,-1,,,0,0,0,0,
ingresstest-ingresstest2--ingresstest2,server172.11.76.31,0,0,0,0,,0,0,0,,0,,0,0,0,0,no check,1,1,0,,,,,,10,8,2,,0,,2,0,,0,,,,0,0,0,0,0,0,0,,,,0,0,,,,,-1,,,0,0,0,0,
ingresstest-ingresstest2--ingresstest2,BACKEND,0,0,0,0,1024,0,0,0,0,0,,0,0,0,0,UP,2,2,0,,0,6981,0,,10,8,0,,0,,1,0,,0,,,,0,0,0,0,0,0,,,,,0,0,0,0,0,0,-1,,,0,0,0,0,
svc31004,FRONTEND,,,0,0,10240,0,0,0,0,0,0,,,,,OPEN,,,,,,,,,10,9,0,,,,0,0,0,0,,,,0,0,0,0,0,0,,0,0,0,,,0,0,0,0,,,,,,,,
ingresstest-ingresstest3--ingresstest3,server172.11.21.18,0,0,0,0,,0,0,0,,0,,0,0,0,0,no check,1,1,0,,,,,,10,10,1,,0,,2,0,,0,,,,0,0,0,0,0,0,0,,,,0,0,,,,,-1,,,0,0,0,0,
ingresstest-ingresstest3--ingresstest3,server172.11.43.50,0,0,0,0,,0,0,0,,0,,0,0,0,0,no check,1,1,0,,,,,,10,10,2,,0,,2,0,,0,,,,0,0,0,0,0,0,0,,,,0,0,,,,,-1,,,0,0,0,0,
ingresstest-ingresstest3--ingresstest3,BACKEND,0,0,0,0,1024,0,0,0,0,0,,0,0,0,0,UP,2,2,0,,0,6981,0,,10,10,0,,0,,1,0,,0,,,,0,0,0,0,0,0,,,,,0,0,0,0,0,0,-1,,,0,0,0,0,
svc31005,FRONTEND,,,0,0,10240,0,0,0,0,0,0,,,,,OPEN,,,,,,,,,10,11,0,,,,0,0,0,0,,,,0,0,0,0,0,0,,0,0,0,,,0,0,0,0,,,,,,,,
ingresstest-ingresstest4--ingresstest4,server172.11.3.6,0,0,0,0,,0,0,0,,0,,0,0,0,0,no check,1,1,0,,,,,,10,12,1,,0,,2,0,,0,,,,0,0,0,0,0,0,0,,,,0,0,,,,,-1,,,0,0,0,0,
ingresstest-ingresstest4--ingresstest4,server172.11.43.4,0,0,0,0,,0,0,0,,0,,0,0,0,0,no check,1,1,0,,,,,,10,12,2,,0,,2,0,,0,,,,0,0,0,0,0,0,0,,,,0,0,,,,,-1,,,0,0,0,0,
ingresstest-ingresstest4--ingresstest4,BACKEND,0,0,0,0,1024,0,0,0,0,0,,0,0,0,0,UP,2,2,0,,0,6981,0,,10,12,0,,0,,1,0,,0,,,,0,0,0,0,0,0,,,,,0,0,0,0,0,0,-1,,,0,0,0,0,
svc31006,FRONTEND,,,0,0,10240,0,0,0,0,0,0,,,,,OPEN,,,,,,,,,10,13,0,,,,0,0,0,0,,,,0,0,0,0,0,0,,0,0,0,,,0,0,0,0,,,,,,,,
ingresstest-ingresstest5--ingresstest5,server172.11.21.9,0,0,0,0,,0,0,0,,0,,0,0,0,0,no check,1,1,0,,,,,,10,14,1,,0,,2,0,,0,,,,0,0,0,0,0,0,0,,,,0,0,,,,,-1,,,0,0,0,0,
ingresstest-ingresstest5--ingresstest5,server172.11.3.7,0,0,0,0,,0,0,0,,0,,0,0,0,0,no check,1,1,0,,,,,,10,14,2,,0,,2,0,,0,,,,0,0,0,0,0,0,0,,,,0,0,,,,,-1,,,0,0,0,0,
ingresstest-ingresstest5--ingresstest5,BACKEND,0,0,0,0,1024,0,0,0,0,0,,0,0,0,0,UP,2,2,0,,0,6981,0,,10,14,0,,0,,1,0,,0,,,,0,0,0,0,0,0,,,,,0,0,0,0,0,0,-1,,,0,0,0,0,
svc31007,FRONTEND,,,0,0,10240,0,0,0,0,0,0,,,,,OPEN,,,,,,,,,10,15,0,,,,0,0,0,0,,,,0,0,0,0,0,0,,0,0,0,,,0,0,0,0,,,,,,,,
ingresstest-ingresstest6--ingresstest6,server172.11.21.51,0,0,0,0,,0,0,0,,0,,0,0,0,0,no check,1,1,0,,,,,,10,16,1,,0,,2,0,,0,,,,0,0,0,0,0,0,0,,,,0,0,,,,,-1,,,0,0,0,0,
ingresstest-ingresstest6--ingresstest6,server172.11.76.26,0,0,0,0,,0,0,0,,0,,0,0,0,0,no check,1,1,0,,,,,,10,16,2,,0,,2,0,,0,,,,0,0,0,0,0,0,0,,,,0,0,,,,,-1,,,0,0,0,0,
ingresstest-ingresstest6--ingresstest6,BACKEND,0,0,0,0,1024,0,0,0,0,0,,0,0,0,0,UP,2,2,0,,0,6981,0,,10,16,0,,0,,1,0,,0,,,,0,0,0,0,0,0,,,,,0,0,0,0,0,0,-1,,,0,0,0,0,
svc31008,FRONTEND,,,0,0,10240,0,0,0,0,0,0,,,,,OPEN,,,,,,,,,10,17,0,,,,0,0,0,0,,,,0,0,0,0,0,0,,0,0,0,,,0,0,0,0,,,,,,,,
ingresstest-ingresstest7--ingresstest7,server172.11.21.26,0,0,0,0,,0,0,0,,0,,0,0,0,0,no check,1,1,0,,,,,,10,18,1,,0,,2,0,,0,,,,0,0,0,0,0,0,0,,,,0,0,,,,,-1,,,0,0,0,0,
ingresstest-ingresstest7--ingresstest7,server172.11.76.21,0,0,0,0,,0,0,0,,0,,0,0,0,0,no check,1,1,0,,,,,,10,18,2,,0,,2,0,,0,,,,0,0,0,0,0,0,0,,,,0,0,,,,,-1,,,0,0,0,0,
ingresstest-ingresstest7--ingresstest7,BACKEND,0,0,0,0,1024,0,0,0,0,0,,0,0,0,0,UP,2,2,0,,0,6981,0,,10,18,0,,0,,1,0,,0,,,,0,0,0,0,0,0,,,,,0,0,0,0,0,0,-1,,,0,0,0,0,
svc31009,FRONTEND,,,0,0,10240,0,0,0,0,0,0,,,,,OPEN,,,,,,,,,10,19,0,,,,0,0,0,0,,,,0,0,0,0,0,0,,0,0,0,,,0,0,0,0,,,,,,,,
ingresstest-ingresstest8--ingresstest8,server172.11.43.21,0,0,0,0,,0,0,0,,0,,0,0,0,0,no check,1,1,0,,,,,,10,20,1,,0,,2,0,,0,,,,0,0,0,0,0,0,0,,,,0,0,,,,,-1,,,0,0,0,0,
ingresstest-ingresstest8--ingresstest8,server172.11.76.24,0,0,0,0,,0,0,0,,0,,0,0,0,0,no check,1,1,0,,,,,,10,20,2,,0,,2,0,,0,,,,0,0,0,0,0,0,0,,,,0,0,,,,,-1,,,0,0,0,0,
ingresstest-ingresstest8--ingresstest8,BACKEND,0,0,0,0,1024,0,0,0,0,0,,0,0,0,0,UP,2,2,0,,0,6981,0,,10,20,0,,0,,1,0,,0,,,,0,0,0,0,0,0,,,,,0,0,0,0,0,0,-1,,,0,0,0,0,
svc31010,FRONTEND,,,0,0,10240,0,0,0,0,0,0,,,,,OPEN,,,,,,,,,10,21,0,,,,0,0,0,0,,,,0,0,0,0,0,0,,0,0,0,,,0,0,0,0,,,,,,,,
ingresstest-ingresstest9--ingresstest9,server172.11.21.47,0,0,0,0,,0,0,0,,0,,0,0,0,0,no check,1,1,0,,,,,,10,22,1,,0,,2,0,,0,,,,0,0,0,0,0,0,0,,,,0,0,,,,,-1,,,0,0,0,0,
ingresstest-ingresstest9--ingresstest9,server172.11.43.20,0,0,0,0,,0,0,0,,0,,0,0,0,0,no check,1,1,0,,,,,,10,22,2,,0,,2,0,,0,,,,0,0,0,0,0,0,0,,,,0,0,,,,,-1,,,0,0,0,0,
ingresstest-ingresstest9--ingresstest9,BACKEND,0,0,0,0,1024,0,0,0,0,0,,0,0,0,0,UP,2,2,0,,0,6981,0,,10,22,0,,0,,1,0,,0,,,,0,0,0,0,0,0,,,,,0,0,0,0,0,0,-1,,,0,0,0,0,
svc12083,FRONTEND,,,0,0,10240,0,0,0,0,0,0,,,,,OPEN,,,,,,,,,10,23,0,,,,0,0,0,0,,,,0,0,0,0,0,0,,0,0,0,,,0,0,0,0,,,,,,,,
kube-system-influxdb-ingress--monitoring-influxdb,server172.11.3.57,0,0,0,0,,0,0,0,,0,,0,0,0,0,no check,1,1,0,,,,,,10,24,1,,0,,2,0,,0,,,,0,0,0,0,0,0,0,,,,0,0,,,,,-1,,,0,0,0,0,
kube-system-influxdb-ingress--monitoring-influxdb,BACKEND,0,0,0,0,1024,0,0,0,0,0,,0,0,0,0,UP,1,1,0,,0,6981,0,,10,24,0,,0,,1,0,,0,,,,0,0,0,0,0,0,,,,,0,0,0,0,0,0,-1,,,0,0,0,0,
svc12300,FRONTEND,,,0,0,10240,0,0,0,0,0,0,,,,,OPEN,,,,,,,,,10,25,0,,,,0,0,0,0,,,,0,0,0,0,0,0,,0,0,0,,,0,0,0,0,,,,,,,,
kube-system-monitoring-grafana--monitoring-grafana,server172.11.3.57,0,0,0,0,,0,0,0,,0,,0,0,0,0,no check,1,1,0,,,,,,10,26,1,,0,,2,0,,0,,,,0,0,0,0,0,0,0,,,,0,0,,,,,-1,,,0,0,0,0,
kube-system-monitoring-grafana--monitoring-grafana,BACKEND,0,0,0,0,1024,0,0,0,0,0,,0,0,0,0,UP,1,1,0,,0,6981,0,,10,26,0,,0,,1,0,,0,,,,0,0,0,0,0,0,,,,,0,0,0,0,0,0,-1,,,0,0,0,0,
svc10082,FRONTEND,,,0,0,10240,0,0,0,0,0,0,,,,,OPEN,,,,,,,,,10,27,0,,,,0,0,0,0,,,,0,0,0,0,0,0,,0,0,0,,,0,0,0,0,,,,,,,,
nebula-test-nebula-cd--nebula-cd,server172.11.76.23,0,0,0,0,,0,0,0,,0,,0,0,0,0,no check,1,1,0,,,,,,10,28,1,,0,,2,0,,0,,,,0,0,0,0,0,0,0,,,,0,0,,,,,-1,,,0,0,0,0,
nebula-test-nebula-cd--nebula-cd,BACKEND,0,0,0,0,1024,0,0,0,0,0,,0,0,0,0,UP,1,1,0,,0,6981,0,,10,28,0,,0,,1,0,,0,,,,0,0,0,0,0,0,,,,,0,0,0,0,0,0,-1,,,0,0,0,0,
svc10001,FRONTEND,,,0,0,10240,0,0,0,0,0,0,,,,,OPEN,,,,,,,,,10,29,0,,,,0,0,0,0,,,,0,0,0,0,0,0,,0,0,0,,,0,0,0,0,,,,,,,,
risk-risk-control--risk-control,server172.11.3.64,0,0,0,0,,0,0,0,,0,,0,0,0,0,no check,1,1,0,,,,,,10,30,1,,0,,2,0,,0,,,,0,0,0,0,0,0,0,,,,0,0,,,,,-1,,,0,0,0,0,
risk-risk-control--risk-control,server172.11.43.60,0,0,0,0,,0,0,0,,0,,0,0,0,0,no check,1,1,0,,,,,,10,30,2,,0,,2,0,,0,,,,0,0,0,0,0,0,0,,,,0,0,,,,,-1,,,0,0,0,0,
risk-risk-control--risk-control,BACKEND,0,0,0,0,1024,0,0,0,0,0,,0,0,0,0,UP,2,2,0,,0,6981,0,,10,30,0,,0,,1,0,,0,,,,0,0,0,0,0,0,,,,,0,0,0,0,0,0,-1,,,0,0,0,0,
svc10005,FRONTEND,,,0,0,10240,0,0,0,0,0,0,,,,,OPEN,,,,,,,,,10,31,0,,,,0,0,0,0,,,,0,0,0,0,0,0,,0,0,0,,,0,0,0,0,,,,,,,,
risk-risk-data--risk-data,server172.11.12.11,0,0,0,0,,0,0,0,,0,,0,0,0,0,no check,1,1,0,,,,,,10,32,1,,0,,2,0,,0,,,,0,0,0,0,0,0,0,,,,0,0,,,,,-1,,,0,0,0,0,
risk-risk-data--risk-data,server172.11.43.23,0,0,0,0,,0,0,0,,0,,0,0,0,0,no check,1,1,0,,,,,,10,32,2,,0,,2,0,,0,,,,0,0,0,0,0,0,0,,,,0,0,,,,,-1,,,0,0,0,0,
risk-risk-data--risk-data,BACKEND,0,0,0,0,1024,0,0,0,0,0,,0,0,0,0,UP,2,2,0,,0,6981,0,,10,32,0,,0,,1,0,,0,,,,0,0,0,0,0,0,,,,,0,0,0,0,0,0,-1,,,0,0,0,0,
svc10003,FRONTEND,,,0,0,10240,0,0,0,0,0,0,,,,,OPEN,,,,,,,,,10,33,0,,,,0,0,0,0,,,,0,0,0,0,0,0,,0,0,0,,,0,0,0,0,,,,,,,,
risk-risk-front--risk-front,server172.11.21.60,0,0,0,0,,0,0,0,,0,,0,0,0,0,no check,1,1,0,,,,,,10,34,1,,0,,2,0,,0,,,,0,0,0,0,0,0,0,,,,0,0,,,,,-1,,,0,0,0,0,
risk-risk-front--risk-front,server172.11.3.65,0,0,0,0,,0,0,0,,0,,0,0,0,0,no check,1,1,0,,,,,,10,34,2,,0,,2,0,,0,,,,0,0,0,0,0,0,0,,,,0,0,,,,,-1,,,0,0,0,0,
risk-risk-front--risk-front,BACKEND,0,0,0,0,1024,0,0,0,0,0,,0,0,0,0,UP,2,2,0,,0,6981,0,,10,34,0,,0,,1,0,,0,,,,0,0,0,0,0,0,,,,,0,0,0,0,0,0,-1,,,0,0,0,0,
svc10006,FRONTEND,,,0,0,10240,0,0,0,0,0,0,,,,,OPEN,,,,,,,,,10,35,0,,,,0,0,0,0,,,,0,0,0,0,0,0,,0,0,0,,,0,0,0,0,,,,,,,,
risk-risk-manager--risk-manager,server172.11.21.58,0,0,0,0,,0,0,0,,0,,0,0,0,0,no check,1,1,0,,,,,,10,36,1,,0,,2,0,,0,,,,0,0,0,0,0,0,0,,,,0,0,,,,,-1,,,0,0,0,0,
risk-risk-manager--risk-manager,server172.11.3.61,0,0,0,0,,0,0,0,,0,,0,0,0,0,no check,1,1,0,,,,,,10,36,2,,0,,2,0,,0,,,,0,0,0,0,0,0,0,,,,0,0,,,,,-1,,,0,0,0,0,
risk-risk-manager--risk-manager,BACKEND,0,0,0,0,1024,0,0,0,0,0,,0,0,0,0,UP,2,2,0,,0,6981,0,,10,36,0,,0,,1,0,,0,,,,0,0,0,0,0,0,,,,,0,0,0,0,0,0,-1,,,0,0,0,0,
svc10004,FRONTEND,,,0,0,10240,0,0,0,0,0,0,,,,,OPEN,,,,,,,,,10,37,0,,,,0,0,0,0,,,,0,0,0,0,0,0,,0,0,0,,,0,0,0,0,,,,,,,,
risk-risk-rule-www.test.com-risk-rule,server172.11.21.61,0,0,0,0,,0,0,0,,0,,0,0,0,0,no check,1,1,0,,,,,,10,38,1,,0,,2,0,,0,,,,0,0,0,0,0,0,0,,,,0,0,,,,,-1,,,0,0,0,0,
risk-risk-rule-www.test.com-risk-rule,server172.11.43.61,0,0,0,0,,0,0,0,,0,,0,0,0,0,no check,1,1,0,,,,,,10,38,2,,0,,2,0,,0,,,,0,0,0,0,0,0,0,,,,0,0,,,,,-1,,,0,0,0,0,
risk-risk-rule-www.test.com-risk-rule,BACKEND,0,0,0,0,1024,0,0,0,0,0,,0,0,0,0,UP,2,2,0,,0,6981,0,,10,38,0,,0,,1,0,,0,,,,0,0,0,0,0,0,,,,,0,0,0,0,0,0,-1,,,0,0,0,0,
svc11040,FRONTEND,,,0,3,10240,1153,100311,484191,0,0,0,,,,,OPEN,,,,,,,,,10,39,0,,,,0,0,0,82,,,,0,0,1153,0,0,0,,0,82,1153,,,0,0,0,0,,,,,,,,
wanda-test-ngrinder-controller--ngrinder-controller,server172.11.3.60,0,0,0,3,,1153,100311,484191,,0,,0,0,0,0,no check,1,1,0,,,,,,10,40,1,,1153,,2,0,,82,,,,0,0,1153,0,0,0,0,,,,0,0,,,,,1052,,,0,0,0,0,
wanda-test-ngrinder-controller--ngrinder-controller,BACKEND,0,0,0,3,1024,1153,100311,484191,0,0,,0,0,0,0,UP,1,1,0,,0,6981,0,,10,40,0,,1153,,1,0,,82,,,,0,0,1153,0,0,0,,,,,0,0,0,0,0,0,1052,,,0,0,0,0,
svc11051,FRONTEND,,,0,0,10240,0,0,0,0,0,0,,,,,OPEN,,,,,,,,,10,41,0,,,,0,0,0,0,,,,0,0,0,0,0,0,,0,0,0,,,0,0,0,0,,,,,,,,
wanda-test-php-apache--php-apache,server172.11.12.6,0,0,0,0,,0,0,0,,0,,0,0,0,0,no check,1,1,0,,,,,,10,42,1,,0,,2,0,,0,,,,0,0,0,0,0,0,0,,,,0,0,,,,,-1,,,0,0,0,0,
wanda-test-php-apache--php-apache,BACKEND,0,0,0,0,1024,0,0,0,0,0,,0,0,0,0,UP,1,1,0,,0,6981,0,,10,42,0,,0,,1,0,,0,,,,0,0,0,0,0,0,,,,,0,0,0,0,0,0,-1,,,0,0,0,0,
svc11021,FRONTEND,,,0,0,10240,0,0,0,0,0,0,,,,,OPEN,,,,,,,,,10,43,0,,,,0,0,0,0,,,,0,0,0,0,0,0,,0,0,0,,,0,0,0,0,,,,,,,,
wanda-test-riskcontrol--riskcontrol,server172.11.76.54,0,0,0,0,,0,0,0,,0,,0,0,0,0,no check,1,1,0,,,,,,10,44,1,,0,,2,0,,0,,,,0,0,0,0,0,0,0,,,,0,0,,,,,-1,,,0,0,0,0,
wanda-test-riskcontrol--riskcontrol,BACKEND,0,0,0,0,1024,0,0,0,0,0,,0,0,0,0,UP,1,1,0,,0,6981,0,,10,44,0,,0,,1,0,,0,,,,0,0,0,0,0,0,,,,,0,0,0,0,0,0,-1,,,0,0,0,0,
svc11022,FRONTEND,,,0,0,10240,0,0,0,0,0,0,,,,,OPEN,,,,,,,,,10,45,0,,,,0,0,0,0,,,,0,0,0,0,0,0,,0,0,0,,,0,0,0,0,,,,,,,,
wanda-test-riskdata--riskdata,server172.11.21.19,0,0,0,0,,0,0,0,,0,,0,0,0,0,no check,1,1,0,,,,,,10,46,1,,0,,2,0,,0,,,,0,0,0,0,0,0,0,,,,0,0,,,,,-1,,,0,0,0,0,
wanda-test-riskdata--riskdata,BACKEND,0,0,0,0,1024,0,0,0,0,0,,0,0,0,0,UP,1,1,0,,0,6981,0,,10,46,0,,0,,1,0,,0,,,,0,0,0,0,0,0,,,,,0,0,0,0,0,0,-1,,,0,0,0,0,
svc11023,FRONTEND,,,0,0,10240,0,0,0,0,0,0,,,,,OPEN,,,,,,,,,10,47,0,,,,0,0,0,0,,,,0,0,0,0,0,0,,0,0,0,,,0,0,0,0,,,,,,,,
wanda-test-riskfront--riskfront,server172.11.43.27,0,0,0,0,,0,0,0,,0,,0,0,0,0,no check,1,1,0,,,,,,10,48,1,,0,,2,0,,0,,,,0,0,0,0,0,0,0,,,,0,0,,,,,-1,,,0,0,0,0,
wanda-test-riskfront--riskfront,BACKEND,0,0,0,0,1024,0,0,0,0,0,,0,0,0,0,UP,1,1,0,,0,6981,0,,10,48,0,,0,,1,0,,0,,,,0,0,0,0,0,0,,,,,0,0,0,0,0,0,-1,,,0,0,0,0,
svc11024,FRONTEND,,,0,0,10240,0,0,0,0,0,0,,,,,OPEN,,,,,,,,,10,49,0,,,,0,0,0,0,,,,0,0,0,0,0,0,,0,0,0,,,0,0,0,0,,,,,,,,
wanda-test-riskmanager--riskmanager,server172.11.76.13,0,0,0,0,,0,0,0,,0,,0,0,0,0,no check,1,1,0,,,,,,10,50,1,,0,,2,0,,0,,,,0,0,0,0,0,0,0,,,,0,0,,,,,-1,,,0,0,0,0,
wanda-test-riskmanager--riskmanager,BACKEND,0,0,0,0,1024,0,0,0,0,0,,0,0,0,0,UP,1,1,0,,0,6981,0,,10,50,0,,0,,1,0,,0,,,,0,0,0,0,0,0,,,,,0,0,0,0,0,0,-1,,,0,0,0,0,
svc11025,FRONTEND,,,0,0,10240,0,0,0,0,0,0,,,,,OPEN,,,,,,,,,10,51,0,,,,0,0,0,0,,,,0,0,0,0,0,0,,0,0,0,,,0,0,0,0,,,,,,,,
wanda-test-riskrule--riskrule,server172.11.3.58,0,0,0,0,,0,0,0,,0,,0,0,0,0,no check,1,1,0,,,,,,10,52,1,,0,,2,0,,0,,,,0,0,0,0,0,0,0,,,,0,0,,,,,-1,,,0,0,0,0,
wanda-test-riskrule--riskrule,BACKEND,0,0,0,0,1024,0,0,0,0,0,,0,0,0,0,UP,1,1,0,,0,6981,0,,10,52,0,,0,,1,0,,0,,,,0,0,0,0,0,0,,,,,0,0,0,0,0,0,-1,,,0,0,0,0,
svc11118,FRONTEND,,,0,0,10240,0,0,0,0,0,0,,,,,OPEN,,,,,,,,,10,53,0,,,,0,0,0,0,,,,0,0,0,0,0,0,,0,0,0,,,0,0,0,0,,,,,,,,
wanda-test-soaregistercenterpocb--soaregistercenterpocb,server127.0.0.1,0,0,0,0,,0,0,0,,0,,0,0,0,0,no check,1,1,0,,,,,,10,54,1,,0,,2,0,,0,,,,0,0,0,0,0,0,0,,,,0,0,,,,,-1,,,0,0,0,0,
wanda-test-soaregistercenterpocb--soaregistercenterpocb,BACKEND,0,0,0,0,1024,0,0,0,0,0,,0,0,0,0,UP,1,1,0,,0,6981,0,,10,54,0,,0,,1,0,,0,,,,0,0,0,0,0,0,,,,,0,0,0,0,0,0,-1,,,0,0,0,0,
svc11115,FRONTEND,,,0,0,10240,0,0,0,0,0,0,,,,,OPEN,,,,,,,,,10,55,0,,,,0,0,0,0,,,,0,0,0,0,0,0,,0,0,0,,,0,0,0,0,,,,,,,,
wanda-test-soaregistercenterpocc--soaregistercenterpocc,server127.0.0.1,0,0,0,0,,0,0,0,,0,,0,0,0,0,no check,1,1,0,,,,,,10,56,1,,0,,2,0,,0,,,,0,0,0,0,0,0,0,,,,0,0,,,,,-1,,,0,0,0,0,
wanda-test-soaregistercenterpocc--soaregistercenterpocc,BACKEND,0,0,0,0,1024,0,0,0,0,0,,0,0,0,0,UP,1,1,0,,0,6981,0,,10,56,0,,0,,1,0,,0,,,,0,0,0,0,0,0,,,,,0,0,0,0,0,0,-1,,,0,0,0,0,
